first_name,last_name,email,Пароль,phone_number,address,position,department,start_date,salary
Віра,Ярема,edytasyrotenko@yahoo.com,n(a2X0aqRp,+380 73 969-24-43,село Ірпінь,Дизайнер,HR,01.10.2020,15677
Сніжана,Семенченко,sviatoslavanikoliuk@gmail.com,TtSKOyij88,+380 97 567-88-13,хутір Кам'янське,Дизайнер,IT,06.05.2021,44240
Аліна,Оліфіренко,teodor24@gmail.com,5@IKmyaQzJ,+380 97 222-57-45,село Новодружеськ,Розробник,Розробка,02.06.2023,39946
Юстим,Філіпенко,svovk@i.ua,o5kpm1Fb6H,+380 99 401-96-00,місто Красноперекопськ,Дизайнер,Фінанси,23.04.2023,24376
Святослава,Тарасенко,fkorolenko@meta.ua,os467L6NsK,+380 99 520-43-84,селище Перещепине,Аналітик,HR,25.11.2020,20692
Іван,Бабійчук,chabanliza@yahoo.com,KPNc5cZqfA,+380 97 404-03-28,селище Залізне,Розробник,Розробка,16.07.2020,45210
Остап,Дейсун,iustyna55@ukr.net,aKf0bc1zOs,+380 96 964-51-32,місто Виноградів,Розробник,Розробка,29.06.2022,15077
Пилип,Атрощенко,bbabychenko@meta.ua,UxaOvguTgP,+380 66 699-05-29,хутір Бердянськ,Розробник,IT,26.01.2023,33016
Амвросій,Акименко,teodorshtepa@yahoo.com,HqSiLf2IhY,+380 96 458-29-30,місто Малин,Менеджер,Маркетинг,06.12.2019,29321
Варфоломій,Супруненко,edeineko@yahoo.com,CzfKN24cOc,+380 66 543-62-38,село Заставна,HR,Розробка,22.06.2021,43118
Дан,Джунь,cchmil@i.ua,7CYRFU2V6A,+380 98 526-15-25,хутір Хрестівка,HR,Розробка,09.05.2024,31050
Мирон,Дейнеко,uhodunok@mail.ua,uZ3NBaCBjc,+380 97 262-24-62,селище Соснівка,Менеджер,HR,20.03.2021,37446
Валентина,Ватаманюк,htalan@ukr.net,wMvN!pOmzO,+380 73 532-51-70,селище Кривий Ріг,Менеджер,Фінанси,15.02.2022,26107
Святослава,Свириденко,zorian81@yahoo.com,Nh1xM5RX53,+380 50 780-62-21,місто Зіньків,Тестувальник,IT,20.10.2024,39070
Охрім,Шаблій,hlib47@meta.ua,lJPFLhelm8,+380 98 475-73-49,місто Валки,Тестувальник,Продажі,05.01.2022,33491
Охрім,Хмара,amvrosii97@meta.ua,5NX0RexEwr,+380 93 934-28-80,селище Токмак,Аналітик,Маркетинг,09.04.2021,15109
Алевтин,Ткаченко,hkarmaliuk@i.ua,oF1kfwRB$0,+380 93 690-91-32,селище Луганськ,Тестувальник,Фінанси,29.06.2024,23637
Богодар,Ванченко,nshevchenko@meta.ua,v8Lx02fIND,+380 96 881-70-44,місто Саки,Аналітик,Маркетинг,16.07.2022,46884
Ольга,Дашкевич,zhaidamaka@yahoo.com,rgejhQL8sU,+380 98 224-39-33,село Носівка,Тестувальник,IT,21.09.2022,44272
Тетяна,Талан,babiukzynovii@yahoo.com,QvMKy3JIPs,+380 66 518-15-05,селище Сарни,Дизайнер,Маркетинг,02.01.2022,27045
Богуслав,Оніщук,lhavryshkevych@mail.ua,rhk3p65HCP,+380 67 245-71-15,хутір Старий Крим,Аналітик,Розробка,08.07.2023,49757
Хома,Яремко,bvashchuk@outlook.com,&abyRGsekS,+380 93 198-44-12,селище Красилів,Аналітик,Фінанси,03.09.2021,18108
Микита,Супруненко,nazar25@gmail.com,WDLriOXGNM,+380 95 201-05-73,селище Жашків,Аналітик,Фінанси,25.03.2023,31936
Святослава,Базилевич,hunkovalerii@meta.ua,kHTOyoBKyY,+380 95 636-30-31,селище Камінь-Каширський,Розробник,HR,19.12.2019,39658
Мирон,Атаманюк,leonid40@yahoo.com,4EqYqXrRs3,+380 99 940-10-35,хутір Надвірна,Менеджер,Продажі,23.01.2020,34791
Руслан,Дейнека,iakivlevchenko@gmail.com,5X9YMr3SjY,+380 98 873-39-65,хутір Шахтарське,HR,Продажі,26.10.2021,20872
Арсен,Карпа,vandreiko@ukr.net,uL1DBe4nta,+380 96 250-16-77,хутір Білогірськ,HR,IT,24.09.2023,28071
Валерій,Тягнибок,vasylashkokamilla@yahoo.com,AOVdUDxEpo,+380 93 482-07-07,село Білогірськ,Дизайнер,Розробка,30.04.2022,24876
Світлана,Безбородько,alina90@yahoo.com,0oCPtrmxqK,+380 99 900-58-71,село Балаклія,Дизайнер,Продажі,11.03.2023,35036
Петро,Бандера,tiaremko@yahoo.com,B80jPM16zJ,+380 97 580-20-08,селище Чорноморськ,Тестувальник,Розробка,31.07.2023,32153
Віктор,Сиротенко,myron79@ukr.net,eXwQonSpSK,+380 98 282-51-84,село Барвінкове,Дизайнер,Продажі,31.05.2021,31545
Тереза,Фастенко,banduraarkadii@meta.ua,NplKS1RIDC,+380 67 537-21-41,хутір Олександрія,Тестувальник,Продажі,20.05.2021,25878
Богуслава,Іваничук,akaras@ukr.net,U5w6Vh0mwT,+380 66 858-28-91,хутір Глухів,HR,Продажі,04.05.2024,48290
Остап,Данченко,datsiukanzhela@i.ua,FmNoXFL5Sz,+380 97 956-44-54,хутір Олександрія,Тестувальник,Розробка,20.01.2020,18815
Леонтій,Гайдамака,mykhailomykhaliuk@mail.ua,Yu9aystRnc,+380 73 655-18-46,місто Дружківка,HR,IT,22.11.2020,26701
Аарон,Малик,avhustynivanchenko@outlook.com,ascvaZZw4Y,+380 73 354-33-62,селище Іршава,Дизайнер,Фінанси,29.11.2020,40924
Прохір,Ейбоженко,zubkomarko@yahoo.com,0lzZpC1rhV,+380 50 289-07-79,хутір Герца,Тестувальник,IT,11.11.2023,23998
Остап,Голик,vadym72@mail.ua,cgywYNXFRi,+380 95 319-18-10,хутір Керч,Аналітик,HR,15.03.2021,47588
Валерій,Баштан,erikavlasenko@mail.ua,t6rY2KpnKP,+380 98 436-94-43,хутір Батурин,Менеджер,Маркетинг,09.04.2024,39296
Святослав,Ванченко,liudmyla06@ukr.net,r4Eegrr7n0,+380 99 876-47-91,селище Волочиськ,Менеджер,HR,30.12.2023,45729
Орхип,Приймак,baklanzorian@gmail.com,vYKy52VNpw,+380 50 933-43-37,хутір Соледар,Аналітик,Розробка,17.03.2022,15476
Аніта,Рябовіл,serhii91@i.ua,8NdZsRdicW,+380 50 887-47-90,село Хирів,HR,Розробка,27.04.2022,28998
Йосип,Байдак,avhustynhodunok@gmail.com,FTkf1DtOmi,+380 93 840-72-61,хутір Решетилівка,Розробник,Фінанси,13.03.2023,27186
Теодор,Чарниш,iryna28@ukr.net,DlqV0Q91Dl,+380 93 374-87-39,хутір Лутугине,Менеджер,Розробка,26.12.2023,31196
Олександр,Яременко,anzhelachubai@gmail.com,#hBD5TTGX2,+380 96 818-42-40,селище Яворів,Тестувальник,Маркетинг,28.10.2024,44604
Едуард,Тягнибок,arkadiipetliura@outlook.com,7Gd1IAxLQR,+380 96 816-23-45,село Сновськ,Тестувальник,Продажі,28.03.2020,35447
Єлисавета,Харченко,alla31@i.ua,4aaPUivRuf,+380 67 333-40-08,місто Новоселиця,Аналітик,Маркетинг,17.02.2021,48492
Орина,Чуприна,klavdiiasirko@outlook.com,Qed1Il9yUY,+380 95 435-12-15,хутір Корсунь-Шевченківський,Аналітик,IT,31.12.2022,45988
Франц,Шовкопляс,fursvenedykt@mail.ua,uDNDPoJQxH,+380 73 160-11-40,село Дубровиця,HR,Фінанси,26.07.2023,25556
Дмитро,Аронець,iurchyshynalbert@i.ua,nOY2A5N935,+380 93 795-70-69,селище Зимогір'я,HR,Маркетинг,22.06.2020,39732
Еріка,Адаменко,zaichenkorostyslav@i.ua,MfGEdGCHrk,+380 50 270-73-97,селище Довжанськ,Менеджер,Фінанси,01.10.2021,32365
Еріка,Власенко,zlatoslavadurdynets@yahoo.com,MG4dHFYfxV,+380 99 562-27-64,місто Луганськ,Аналітик,Розробка,19.03.2020,21055
Степан,Ткач,odanyliuk@i.ua,PzoAsLCtjY,+380 50 110-92-00,селище Гайворон,Менеджер,IT,17.07.2022,17042
Лесь,Дробаха,babiukleopold@yahoo.com,hHkosalVqR,+380 93 298-26-54,хутір Березань,Розробник,Маркетинг,03.04.2024,43451
Артем,Полтавець,avreliisirko@meta.ua,g1bDC59spe,+380 96 584-32-11,село Березань,Тестувальник,Розробка,14.12.2023,15019
Тарас,Лубенець,khrystynachala@ukr.net,2Lzk4EZ2GF,+380 98 469-68-19,хутір Вуглегірськ,Тестувальник,Фінанси,25.07.2024,32628
Олена,Макаренко,valentynaustenko@i.ua,Vc74Yz7u18,+380 99 264-39-70,хутір Хрестівка,Аналітик,Маркетинг,02.07.2021,18617
Богодар,Захаренко,vdovychenkoprokhir@meta.ua,w2WRrxma8o,+380 97 722-89-79,хутір Тульчин,Аналітик,HR,25.06.2024,29128
Віктор,Рудько,edrozdenko@meta.ua,WJ54xwazU4,+380 97 158-19-63,місто Самар,Тестувальник,IT,28.09.2022,26801
Емілія,Алексеєнко,solomiiagereta@ukr.net,l9xwK4GhIE,+380 50 969-61-85,селище Часів Яр,Аналітик,HR,14.06.2022,22331
Максим,Гаврилюк,viacheslavtokar@i.ua,kTNCQfJMtN,+380 99 220-20-93,місто Копичинці,Дизайнер,Фінанси,15.04.2022,18527
Орест,Мазепа,iurchenkovasyl@mail.ua,w5qKPIOGcl,+380 99 345-47-92,хутір Білозерське,Тестувальник,Фінанси,21.06.2020,41573
Любов,Коваленко,iushchenkomilena@i.ua,AlgqvJR792,+380 67 817-71-08,хутір Кривий Ріг,Дизайнер,Розробка,12.01.2024,33150
Данило,Дзиндра,bevzenkoiefrem@yahoo.com,D8yuJAdUbx,+380 50 598-38-11,селище Красногорівка,Менеджер,Маркетинг,07.06.2024,35146
Феофан,Гавриленко,thohol-ianovska@yahoo.com,SYodzx^X2j,+380 96 629-86-31,селище Козятин,Менеджер,IT,01.08.2020,41012
Ада,Ґерета,miemelianenko@outlook.com,JP0m0IRmdc,+380 97 577-15-05,селище Умань,Дизайнер,Продажі,09.01.2020,43166
Олесь,Гайдамака,omelianpustovit@meta.ua,$Sy2Vd8yhm,+380 73 297-96-44,місто Ізмаїл,Аналітик,Розробка,20.07.2021,31792
Онисим,Павленко,tsisykpylyp@meta.ua,DaNxz5UTk8,+380 73 762-82-98,селище Миргород,Менеджер,Продажі,26.09.2020,16224
Ігор,Артим,irynashmorhun@ukr.net,awBiXGvfcd,+380 66 714-51-98,місто Заводське,Менеджер,IT,04.09.2022,48565
Марко,Вишняк,hannavovk@i.ua,HD9tnMgUcS,+380 50 134-49-21,місто Галич,Дизайнер,Фінанси,18.11.2023,21930
Захар,Цимбал,emiliia62@mail.ua,WpXx2iwhx1,+380 98 826-14-98,місто Христинівка,HR,Розробка,16.10.2021,27749
Павло,Колодуб,boleslavpiddubnyi@outlook.com,J6WBKuW01h,+380 97 344-97-78,хутір Київ,Аналітик,HR,19.09.2022,16282
Лесь,Ґереґа,ovashchenko@mail.ua,9vsS9Gjuyq,+380 73 324-71-00,село Свалява,Менеджер,Розробка,23.10.2020,43552
Ігор,Перебийніс,adamchukkamilla@gmail.com,d2MBY#BbbJ,+380 97 222-08-05,місто Бурштин,Тестувальник,Розробка,12.03.2020,17307
Борис,Цимбалюк,klavdiiazaruba@meta.ua,19DNnFMtc7,+380 73 290-21-17,село Новоград-Волинський,HR,Фінанси,11.05.2020,16553
Трохим,Шамрай,iakiv30@i.ua,PnQzyp3jt8,+380 50 944-34-43,хутір Броди,Розробник,Фінанси,07.12.2023,18315
Євген,Чміль,mudovychenko@yahoo.com,x1ZTxEozTr,+380 73 949-50-94,місто Белз,Аналітик,Фінанси,23.08.2023,29318
Лесь,Лубенець,varvara47@i.ua,guOkwzlJFE,+380 97 270-15-85,село Новий Буг,Тестувальник,IT,05.03.2024,41987
Камілла,Дубас,tereza09@yahoo.com,5lMuC3VPXl,+380 73 617-66-36,місто Дубровиця,Дизайнер,IT,11.07.2024,37411
Аарон,Шинкаренко,bshtokalo@outlook.com,2wQgYALhu7,+380 99 947-58-04,село Богодухів,Дизайнер,IT,23.12.2023,39989
Омелян,Дрозденко,volodymyra72@mail.ua,XJRUAmXvhs,+380 93 505-56-45,селище Довжанськ,Тестувальник,Фінанси,30.06.2023,18806
Семен,Пелех,serhiihaidai@ukr.net,D2rdUT18H8,+380 99 976-03-13,місто Ровеньки,Аналітик,Продажі,28.07.2022,45934
Трохим,Фесенко,symon76@i.ua,nHKGdGqQK5,+380 98 381-37-55,селище Ніжин,Тестувальник,Розробка,27.04.2024,15900
Оксана,Забара,illiaakulenko@yahoo.com,ddC1RVpsZ3,+380 50 413-26-81,село Сторожинець,Дизайнер,Маркетинг,05.05.2022,30152
Амвросій,Шведченко,marko60@i.ua,KXmKlGqVVd,+380 97 264-02-05,хутір Конотоп,Менеджер,HR,01.05.2022,38254
Юхим,Гаврилюк,liliiatarasenko@meta.ua,n3UzUYVjxa,+380 93 154-50-02,село Мар'їнка,Дизайнер,Продажі,03.12.2022,39739
Марія,Шовкопляс,zubkobohuslav@yahoo.com,NsZIwLWA3M,+380 67 554-40-23,місто Білогірськ,HR,Продажі,16.01.2021,29839
Марина,Атрощенко,kyrylo30@ukr.net,rTxC5yQRKS,+380 66 735-69-93,селище Кілія,Менеджер,Розробка,01.11.2024,22085
Мартин,Гайда,bohdanna31@gmail.com,iIWBcpdhLt,+380 66 672-94-39,місто Угнів,Розробник,Розробка,16.06.2020,33099
Ярослав,Даценко,shukhevychviacheslav@i.ua,GZyWz2Nbk9,+380 66 493-21-35,хутір Носівка,Менеджер,Фінанси,04.12.2020,23299
Єва,Євтушок,bohdannavasylashko@mail.ua,NamSn6LPw6,+380 93 317-79-14,місто Хотин,Тестувальник,Фінанси,08.12.2022,28162
Ярема,Ванченко,semenchenkoiefrem@ukr.net,auGq95AtoH,+380 98 651-51-05,село Почаїв,Аналітик,HR,28.11.2022,38687
Владислав,Гречко,velychkofedir@mail.ua,clLStIsJeA,+380 98 654-06-17,хутір Радивилів,Дизайнер,HR,29.06.2022,20768
Ірина,Чалий,iosyp37@meta.ua,87cJ0X*EIj,+380 97 585-44-40,місто Володимир-Волинський,Аналітик,Розробка,16.09.2024,26238
Болеслав,Сіробаба,darahansviatoslava@i.ua,Pqqx1i7b7K,+380 93 691-50-34,село Костопіль,Тестувальник,Фінанси,14.09.2022,15421
Пилип,Карпенко,gkolesnychenko@yahoo.com,CS4A5MVAZK,+380 98 634-81-38,селище Кобеляки,Аналітик,HR,14.02.2023,33809
Ада,Швачка,bmatviienko@meta.ua,&yaS1fwIOR,+380 98 493-97-00,місто Тетіїв,HR,Розробка,09.04.2021,19248
Ярослав,Гавришкевич,tetianavakhnii@gmail.com,z47bMI2*Ob,+380 50 166-90-73,місто Боково-Хрустальне,Аналітик,Фінанси,18.09.2021,47073
Пантелеймон,Шевченко,sviatoslav84@mail.ua,dnG46DDOvC,+380 97 339-89-32,село Баранівка,Розробник,HR,12.11.2024,40414
Артем,Гречаник,mtsiutsiura@meta.ua,HYurIsqRcZ,+380 96 769-79-73,місто Бахмут,Розробник,Продажі,23.05.2024,15349
Герман,Тесля,rudykirena@meta.ua,wXQW6Sua2N,+380 99 176-48-04,хутір Камінь-Каширський,Дизайнер,Фінанси,10.07.2023,45566
Зиновій,Рудик,vasylyna69@outlook.com,Qf11^nPyAg,+380 96 191-71-57,місто Калинівка,Розробник,IT,22.04.2022,17967
Теодор,Жученко,fiaremko@mail.ua,i@4rI51lpS,+380 95 134-25-37,місто Херсон,HR,Розробка,10.06.2024,43935
Микита,Андрейко,lkorbut@ukr.net,VA2Ti)SBtF,+380 95 677-53-81,селище Молочанськ,Розробник,Маркетинг,07.07.2023,21233
Устим,Баклан,deriazhnaorest@yahoo.com,kXHLzPSRzE,+380 98 262-23-78,місто Ворожба,Тестувальник,HR,08.08.2021,29015
Ярема,Корсун,valeriiandriichuk@mail.ua,WA5OMM7N82,+380 67 874-49-90,місто Токмак,Тестувальник,Маркетинг,12.07.2021,36873
Юхим,Данчук,artymyshynnadiia@meta.ua,wFJYA4MhGE,+380 50 774-39-62,село Сімферополь,HR,Розробка,16.07.2022,34063
Златослава,Деркач,valentyn23@outlook.com,tDDDb1t!0s,+380 98 973-17-33,село Бучач,Дизайнер,Продажі,28.09.2021,33634
Сніжана,Черінько,bohdan44@ukr.net,PBxfTVGUe0,+380 97 763-04-34,селище Дружківка,Тестувальник,IT,30.11.2023,18124
Людмила,Шухевич,qsomko@outlook.com,c6hmfNTt9k,+380 50 504-39-36,хутір Підгайці,HR,Продажі,02.02.2024,39397
Максим,Масляк,sdankevych@mail.ua,dZpFs3EIr5,+380 67 428-55-42,селище Одеса,Менеджер,Фінанси,16.09.2020,33414
Спас,Михайлюк,demyd72@outlook.com,eGVIywlI2B,+380 50 472-88-51,хутір Пирятин,Менеджер,Розробка,10.12.2022,44048
Руслан,Бабій,panashavrylenko@mail.ua,h0dFTU(sEY,+380 67 957-41-83,хутір Козятин,Аналітик,Розробка,22.09.2023,47013
Тарас,Чарниш,qkashchenko@mail.ua,t8UCwwWS6p,+380 50 315-85-95,селище Герца,HR,Продажі,21.10.2020,31130
Гліб,Скопенко,zhurbaoryna@outlook.com,PaspwNGg3h,+380 95 180-06-11,місто Бровари,HR,HR,11.08.2020,25456
Христина,Асаула,artymiustyna@gmail.com,45JW1Fih0c,+380 50 115-01-45,хутір Миколаїв,Тестувальник,Продажі,18.04.2020,19128
Анастасія,Килимник,conufriienko@mail.ua,DIEV8CZRTi,+380 93 320-07-96,хутір Харків,Аналітик,HR,29.10.2023,22745
Мілена,Харченко,aalekseienko@outlook.com,Vf6FOosxOP,+380 96 816-86-73,село Кам'янка (Черкаська область),Тестувальник,Маркетинг,09.02.2024,23204
Нестор,Ніколюк,orkhyplahoda@yahoo.com,tl96G5bPwZ,+380 97 775-17-07,місто Голубівка,Менеджер,Фінанси,20.06.2020,44648
Григорій,Ткач,veresliliia@outlook.com,KVr1HbF9BO,+380 73 899-52-41,село Сторожинець,Аналітик,Продажі,18.01.2022,48421
Давид,Скопенко,terezaatamaniuk@ukr.net,17fihxEonm,+380 50 872-41-92,село Чистякове,Розробник,Продажі,12.08.2020,19623
Леон,Жарко,bohodar73@i.ua,UeWExuNdUB,+380 98 634-05-88,хутір Красногорівка,HR,IT,31.03.2021,32515
Віолетта,Чайка,jkolesnychenko@outlook.com,PP2WgWwGAy,+380 95 630-62-07,село Добропілля,Розробник,Маркетинг,28.05.2020,36549
Григорій,Бабак,atamaniuknadiia@i.ua,kwaKU8ysBg,+380 66 360-59-29,місто Жидачів,Менеджер,Фінанси,11.01.2021,30249
Павло,Приходько,ckalchenko@gmail.com,zTJ4wk4ne5,+380 97 426-93-65,село Жидачів,Дизайнер,Маркетинг,26.07.2024,16347
Розалія,Франко,ievhen10@outlook.com,wTdiM3iXaX,+380 96 553-98-91,селище Свалява,Аналітик,Фінанси,06.11.2023,36898
Аніта,Ткач,iaryna70@gmail.com,N117L$kDYt,+380 97 170-24-51,село Снятин,Дизайнер,Фінанси,16.03.2021,17477
Олекса,Сірченко,ostapchukvitalii@mail.ua,KXfKc5DDe3,+380 50 278-20-45,селище Жданівка,Дизайнер,Фінанси,23.08.2020,32601
Климент,Дробаха,semen10@i.ua,s1vKzHwMVm,+380 93 307-17-95,хутір Сокиряни,Тестувальник,Маркетинг,04.02.2023,34467
Вадим,Перебийніс,ruslanivanchenko@meta.ua,AyMFyF0HFP,+380 73 633-42-44,хутір Нетішин,Тестувальник,Продажі,11.05.2022,43211
Леопольд,Дергач,alekseienkostanislav@mail.ua,rmwgAmIgbz,+380 95 738-91-79,хутір Тячів,Розробник,IT,27.10.2021,37383
Богуслав,Усик,violettasalii@i.ua,5q0QJpKAFw,+380 97 777-42-55,хутір Великі Мости,Розробник,Розробка,12.03.2020,39307
Ярослав,Канівець,kovalenkomykolai@outlook.com,aOnhlZgFdS,+380 98 236-21-35,хутір Костянтинівка,Розробник,HR,24.10.2024,17499
Станіслав,Бабенко,mykyta02@mail.ua,MqkvMl80He,+380 93 596-11-84,хутір Трускавець,Дизайнер,Розробка,13.06.2021,25140
Орина,Засенко,szaika@mail.ua,JkeRNrnoDR,+380 50 861-16-60,хутір Щолкіне,Дизайнер,IT,02.03.2020,16248
Альбіна,Пилипенко,viakovenko@meta.ua,Hr2cwvHTe&,+380 99 299-49-87,село Перемишляни,Розробник,HR,19.01.2022,41566
Георгій,Черненко,larysa59@outlook.com,q0t5W19Jy1,+380 97 552-23-65,селище Снігурівка,Аналітик,IT,09.03.2021,25703
Мілена,Байдак,pvernydub@mail.ua,U8bEiyWr1X,+380 97 649-60-90,село Ладижин,Менеджер,HR,13.08.2022,27339
Єва,Швачко,warkhypenko@ukr.net,LCodvak57S,+380 67 396-78-54,селище Мар'їнка,Розробник,Фінанси,22.05.2020,40787
Одарка,Яковенко,ihnat06@gmail.com,8UiODJASHy,+380 96 961-70-11,хутір Березне,Дизайнер,Продажі,20.03.2021,43786
Кирило,Гаврилишин,demian52@mail.ua,D8ctBJ20Uu,+380 73 499-72-93,місто Баранівка,Аналітик,Продажі,05.04.2020,20759
Яків,Давимука,pkabaliuk@i.ua,F8SJ6x8ISv,+380 73 575-68-64,селище Ворожба,Розробник,HR,13.12.2021,43252
Гаврило,Яремко,qkorzh@gmail.com,tsIgaQSZBc,+380 50 765-77-72,село Авдіївка,Аналітик,Розробка,16.01.2023,46389
Трохим,Шило,miroshnychenkoazar@i.ua,VNpCq0xuAK,+380 97 212-53-48,село Генічеськ,Менеджер,Маркетинг,01.05.2024,42745
Юстина,Абрамчук,zhadanleopold@i.ua,lq7I0CI1hP,+380 50 389-12-31,село Полонне,Дизайнер,Продажі,05.04.2023,45821
Варфоломій,Мірошниченко,iarynakadeniuk@meta.ua,KqOw5H9i9u,+380 97 939-29-88,місто Яворів,Аналітик,Маркетинг,24.02.2023,41321
Аніта,Кибкало,demian84@yahoo.com,PNMvJ7TLba,+380 95 737-35-34,селище Виноградів,HR,Продажі,17.12.2022,42753
Камілла,Чаленко,vpylypenko@i.ua,UHCG5j)Chh,+380 93 289-59-50,село Оріхів,Розробник,Маркетинг,14.11.2022,32521
Микита,Лупій,mykhailo58@i.ua,lA3wCnj8cC,+380 67 165-62-47,хутір Армянськ,Менеджер,IT,07.03.2021,19016
Пилип,Джус,tartiushenko@ukr.net,kgZu4DHKH9,+380 96 134-46-81,місто Сіверськодонецьк,Розробник,Маркетинг,26.09.2023,39984
Нестор,Опанасенко,viacheslavivanchenko@outlook.com,DFJcJcZH0e,+380 73 687-60-90,селище Сміла,HR,HR,13.08.2021,44412
Устим,Кириленко,aostapchuk@i.ua,7AdHiHLIb5,+380 98 509-41-67,село Сколе,Дизайнер,Маркетинг,18.06.2020,43421
Альберт,Якимчук,hannahunko@yahoo.com,cd*7ooPygK,+380 67 254-61-37,селище Армянськ,Розробник,IT,13.02.2023,29508
Онисим,Усик,vitalii68@gmail.com,PURyfjAc1S,+380 66 591-61-43,місто Світловодськ,Менеджер,Розробка,02.05.2021,23959
Єлисавета,Рубець,usyksymon@meta.ua,dCXmNjzUZ2,+380 50 316-84-68,місто Підгородне,HR,HR,01.02.2020,43892
Орина,Андрощук,omeliandubas@ukr.net,5m7LrbB5mk,+380 97 175-31-84,місто Турка,Аналітик,HR,20.11.2024,42114
Владислав,Чуприна,lutsenkoarsen@meta.ua,7EUySXAdsk,+380 73 795-95-14,місто Валки,HR,Фінанси,06.09.2021,38618
Назар,Журба,galeksiuk@ukr.net,49ob9y8xtC,+380 66 496-81-01,місто Дергачі,HR,Фінанси,30.07.2024,27676
Ростислав,Василенко,venedyktkarpa@gmail.com,m9zxIHBb9r,+380 73 226-90-27,село Біла Церква,Тестувальник,Фінанси,28.06.2020,20486
Симон,Василенко,rebrykvira@ukr.net,dPKS!goQmS,+380 93 602-28-57,місто Помічна,Аналітик,Фінанси,19.10.2023,33586
Федір,Яременко,fmasliak@yahoo.com,q3tuxS2ohi,+380 96 361-76-50,село Дергачі,Аналітик,Продажі,25.01.2022,28457
Едуард,Чарниш,ufilipenko@outlook.com,5Qek5Q63ZZ,+380 95 142-45-37,хутір Ананьїв,Менеджер,Фінанси,24.09.2021,49150
Климент,Ґжицька,havrylyshynrozaliia@meta.ua,TUVOQ7kUiS,+380 67 769-78-04,хутір Ківерці,Менеджер,HR,20.02.2021,34115
Давид,Тиха,panteleimonmiroshnychenko@yahoo.com,YxnKxFi5yX,+380 96 641-26-03,хутір Корюківка,Розробник,Фінанси,12.10.2022,35368
Богуслава,Дзиндра,iukhymtsiutsiura@yahoo.com,SWO3HWnqT0,+380 98 808-49-05,село Гнівань,Розробник,Продажі,19.02.2021,21329
Розалія,Гаврилюк,lesreva@gmail.com,jmB7rDrNkq,+380 66 905-12-43,місто Тульчин,Тестувальник,IT,12.07.2020,23169
Богдан,Чабан,teodoratroshchenko@mail.ua,rveem3iwqi,+380 93 625-01-25,селище Яремче,Тестувальник,HR,10.10.2020,18637
Михайлина,Баран,erika87@mail.ua,lae4Xeva%G,+380 96 814-96-02,селище Кадіївка,Менеджер,Розробка,23.05.2020,18920
Віолетта,Хорішко,snizhana61@meta.ua,F90eYF$f$x,+380 95 945-71-64,селище Дубровиця,Аналітик,Продажі,11.04.2024,25820
Арсен,Бевзенко,baidaprokhir@meta.ua,wKRJrEdh6z,+380 98 500-83-77,село Рогатин,Аналітик,Маркетинг,12.08.2022,45491
Одарка,Онищенко,edytaorlyk@ukr.net,EuWRUZwjaf,+380 93 798-61-32,село Ківерці,HR,Продажі,09.03.2020,29820
Єфрем,Захарченко,rsmyk@outlook.com,ZRYETsALQC,+380 99 283-22-96,місто Запоріжжя,HR,Розробка,22.03.2021,42955
Юхим,Тесленко,fomenkoeduard@meta.ua,WqoOPi9NHP,+380 50 964-13-43,селище Сокологірськ,Аналітик,HR,28.09.2020,15724
Мирослав,Сірченко,violettazhuk@i.ua,9cmSonMOym,+380 66 673-22-70,хутір Зоринськ,Розробник,Розробка,14.06.2023,41365
Омелян,Литвин,shtepafedir@gmail.com,e5fvHp4isI,+380 50 394-80-45,селище Феодосія,Дизайнер,Маркетинг,02.08.2022,37712
Богданна,Дейсун,stanislaviukhymenko@meta.ua,IMm8lFxJoH,+380 93 631-49-69,хутір Мукачево,Аналітик,Розробка,12.05.2022,18973
Миколай,Швачко,liliiaavdieienko@gmail.com,2Ix2gpunpa,+380 96 861-58-43,село Хрустальний,Тестувальник,Фінанси,29.07.2021,31940
Леопольд,Баштан,solomiia67@mail.ua,fsitPChqFS,+380 66 378-89-12,селище Вільногірськ,HR,Розробка,17.12.2021,20628
Софія,Артимишин,khomaderevianko@meta.ua,e3pRhSC18a,+380 50 411-44-06,село Ланівці,Тестувальник,Розробка,06.07.2020,48111
Єлисей,Величко,vkashchenko@i.ua,LmJgZqwOwF,+380 97 778-93-43,селище Перещепине,Тестувальник,Маркетинг,07.10.2020,44959
Ілля,Аврамчук,ihortereshchuk@mail.ua,FiG9DdlSHq,+380 98 653-79-53,село Хрестівка,Менеджер,Розробка,06.09.2024,35884
Хома,Дубас,qhaivoronskyi@outlook.com,813pBUGNdi,+380 93 116-08-12,місто Алушта,Розробник,IT,05.01.2021,40160
Альберт,Полтавець,xhunko@ukr.net,gQ8tbHaTjT,+380 66 517-89-82,селище Камінь-Каширський,Розробник,Фінанси,17.08.2022,39285
Юстим,Микитюк,tarasbairak@mail.ua,8NWLmBnIw4,+380 50 890-80-75,місто Сарни,Дизайнер,Фінанси,13.03.2021,39182
Сергій,Сірченко,semen97@yahoo.com,@vhUYCxH@N,+380 99 872-61-16,місто Добропілля,Дизайнер,Фінанси,12.04.2023,33886
Орест,Девдюк,xbaranets@i.ua,UvzEufiLnv,+380 96 980-16-32,село Рудки,HR,HR,01.03.2022,23448
Феофан,Товстоліс,iashchenkohalyna@ukr.net,g1kGKOULka,+380 67 899-24-54,селище Глиняни,Дизайнер,HR,04.08.2023,28298
Лукʼян,Колісниченко,leontii42@i.ua,oC&2N3jIZd,+380 97 226-87-81,місто Алмазна,Розробник,Маркетинг,06.07.2020,18441
Франц,Арсенич,ivanenkoheorhii@i.ua,R8CwTVCfDo,+380 95 957-19-71,село Сквира,Дизайнер,HR,28.05.2022,42415
Ліза,Шморгун,qlaba@i.ua,PYG*g58T5f,+380 50 131-74-73,хутір Сватове,Менеджер,IT,01.08.2022,21470
Кирило,Вахній,okhrymovychviktoriia@i.ua,Wkbv3Ms6qo,+380 67 599-00-99,хутір Кобеляки,Дизайнер,HR,13.05.2020,40300
Яків,Бебешко,sofiiaskyrda@i.ua,fSYLgV1xia,+380 99 219-82-19,місто Устилуг,Тестувальник,Фінанси,21.04.2024,24562
Марта,Токар,edytapetryk@gmail.com,GNj&10hkiy,+380 73 612-52-71,селище Тернівка,Розробник,Фінанси,29.03.2024,16923
Іван,Гресь,isaienkoserhii@outlook.com,WWaEFbbODL,+380 96 642-44-64,хутір Городенка,HR,Продажі,30.06.2021,34305
Федір,Гук,frants11@yahoo.com,mdmHqfHKuI,+380 96 336-72-65,хутір Соснівка,Аналітик,IT,19.10.2022,36965
Тереза,Теліженко,serhii60@ukr.net,lIV4F5%WfQ,+380 93 574-46-10,хутір Ворожба,Менеджер,HR,09.11.2024,17119
Марко,Бебешко,valentynusyk@outlook.com,jJcpf%ChGL,+380 97 834-49-89,село Іршава,Менеджер,Розробка,13.10.2022,37058
Лариса,Гречаник,cdrozd@meta.ua,2RxtUBJGwu,+380 99 845-62-56,хутір Покров,Аналітик,Продажі,22.10.2020,45489
Франц,Заєць,roman59@i.ua,yGVTPfLmr6,+380 95 580-90-13,селище Новоград-Волинський,Дизайнер,Маркетинг,13.02.2021,18635
Тимофій,Якименко,avrelii29@mail.ua,o2paNed7Rz,+380 98 181-39-57,селище Гайсин,Дизайнер,HR,07.10.2020,43947
Вадим,Атрощенко,stanislavvobla@gmail.com,R1ol6Dewzs,+380 97 922-18-74,хутір Прип'ять,Аналітик,IT,01.05.2022,43736
Василина,Демʼяненко,davyddurdynets@outlook.com,hTf(eefodD,+380 93 446-04-87,хутір Іршава,HR,Фінанси,10.02.2023,45456
Віктор,Бабійчук,bairakoleksa@i.ua,iM15ZJT30j,+380 98 372-26-88,село Маріуполь,Менеджер,Маркетинг,28.01.2024,22846
Степан,Ємельяненко,orysiaderkach@meta.ua,2eRZHqI4y9,+380 99 258-42-61,місто Бар,Розробник,Маркетинг,19.11.2023,37209
Орхип,Приходько,iokhrimenko@gmail.com,ixlRl9cKF8,+380 67 555-05-05,місто Кам'янське,Дизайнер,Продажі,24.04.2021,16235
Вʼячеслав,Журба,kyrylokhomenko@ukr.net,ixy2u07K6y,+380 93 395-63-78,селище Вараш,Дизайнер,Продажі,30.06.2021,27411
Демʼян,Яремко,bashtanoryna@gmail.com,UYo7Xfbf0y,+380 99 664-49-78,село Охтирка,Менеджер,Продажі,10.12.2019,49353
Герман,Скоробогатько,ada77@mail.ua,UHEfgHcj$w,+380 98 267-28-17,місто Тиврів,Менеджер,IT,30.12.2022,17838
Лукʼян,Вернидуб,kpylypenko@gmail.com,UDwP0NpfOd,+380 95 475-21-00,село Бахчисарай,HR,Розробка,15.07.2021,24261
Пріска,Фаренюк,andriidemianchuk@meta.ua,jtyV4elEtY,+380 98 179-66-76,місто Пирятин,Аналітик,HR,14.01.2024,15320
Пармен,Стець,chupalo@i.ua,yGYiKCA5qQ,+380 67 462-51-28,хутір Дрогобич,Аналітик,Маркетинг,10.05.2024,28685
Климент,Цісик,karsenych@ukr.net,GhH9xyleLM,+380 67 917-42-33,місто Алупка,Дизайнер,Продажі,28.11.2019,21636
Орест,Скиба,onazarenko@outlook.com,1uA0ChVmW6,+380 97 652-30-15,село Кіцмань,Аналітик,Розробка,03.12.2021,20175
Софія,Запорожець,albertnesterenko@mail.ua,ykfHmJ4mge,+380 98 939-57-47,село Миргород,Менеджер,Маркетинг,12.11.2020,36469
Варвара,Дрозденко,nholyk@outlook.com,stLvSoJwCQ,+380 93 253-19-42,село Кролевець,Менеджер,IT,02.09.2020,16627
Камілла,Панчук,aleksiichukirena@outlook.com,uUscaAjmNk,+380 66 663-09-00,село Торецьк,Дизайнер,Продажі,19.12.2023,38101
Феофан,Чаленко,ievhenbabiichuk@outlook.com,w6f7nzGzBg,+380 98 187-34-57,село Волочиськ,HR,Продажі,18.08.2022,16268
Єлисей,Туркало,chmilustym@outlook.com,4ZjLrWGLTo,+380 93 779-72-17,хутір Вільнянськ,Аналітик,Маркетинг,07.05.2021,20095
Василина,Дерегус,rhutsuliak@outlook.com,2xxD!WGkNI,+380 95 714-17-66,селище Новодністровськ,Аналітик,HR,20.11.2023,40177
Надія,Рева,oleh05@meta.ua,sdCErXWHJO,+380 73 880-26-11,село Середина-Буда,Дизайнер,Розробка,01.06.2022,41301
Світлана,Рябець,iukhymokhrimenko@mail.ua,XIOpfzM8no,+380 66 776-30-40,селище Авдіївка,Менеджер,HR,15.09.2024,15024
Леон,Гречко,zinchuktaras@mail.ua,RU7GXXrBIM,+380 66 461-28-47,хутір Бар,Аналітик,Продажі,08.07.2021,15491
Сніжана,Смик,levkotiahnybok@gmail.com,rjswyCJdzy,+380 50 133-55-54,селище Багачеве,Дизайнер,Фінанси,28.02.2022,37314
Розалія,Закусило,leonidchornovil@ukr.net,CnwuJ^uZ9r,+380 97 744-99-19,місто Сколе,Тестувальник,HR,23.04.2024,27331
Мілена,Олійник,saienkoiefrem@ukr.net,ROwuIlIpoZ,+380 98 581-89-53,селище Довжанськ,Дизайнер,IT,16.05.2021,46474
Клавдія,Вахній,wverhun@gmail.com,eCe6NMSr6R,+380 73 151-19-74,село Кипуче,Аналітик,Маркетинг,14.07.2021,18532
Богуслава,Атаманюк,trokhym87@outlook.com,ojt1V51uBO,+380 50 775-62-80,селище Вишневе,HR,HR,05.05.2023,46871
Валерій,Єщенко,tsybulenkovalerii@i.ua,U0ZEEs)iwr,+380 97 463-83-76,село Снігурівка,Менеджер,IT,03.08.2020,40212
Богдан,Іванченко,frantsgzhytska@mail.ua,SMF3kq4GXL,+380 98 345-41-56,місто Бучач,Менеджер,IT,08.03.2024,24453
Гордій,Рудик,wlevchenko@yahoo.com,4Wx22QZ!iO,+380 98 227-68-28,хутір Звенигородка,Дизайнер,Продажі,26.03.2020,18807
Клавдія,Полтавець,vovcharenko@yahoo.com,HUnbNZ1cOR,+380 98 693-22-50,селище Чернігів,Аналітик,Маркетинг,15.02.2021,40023
Галина,Засуха,okhrimievtushok@yahoo.com,s8Z(WUM7OG,+380 66 971-56-21,селище Тернівка,Тестувальник,Маркетинг,26.11.2020,19940
Франц,Талан,bohdanskorobohatko@i.ua,iyKihWRgkQ,+380 98 557-81-51,селище Ужгород,Розробник,Фінанси,16.11.2021,38690
Федір,Дубина,xsymonenko@ukr.net,jWfjpgIqec,+380 93 703-42-99,місто Чуднів,Тестувальник,Розробка,24.06.2020,24575
Володимир,Микитюк,tbabarychenko@i.ua,urbgtMJZGl,+380 66 670-34-37,село Краматорськ,Тестувальник,IT,20.05.2022,26977
Лариса,Товстуха,imatviienko@outlook.com,V4SRlxozZg,+380 93 416-15-36,село Старобільськ,Дизайнер,IT,22.05.2024,20133
Соломон,Ільченко,roman65@gmail.com,ntH3N9KsYz,+380 66 432-19-40,село Карлівка,Розробник,Розробка,30.01.2022,40682
Аркадій,Харченко,irenaskyrda@yahoo.com,YX0y9Iy(mb,+380 95 321-23-47,село Болград,HR,Продажі,14.09.2022,48694
Мартин,Бабариченко,emiliia03@yahoo.com,jecvEEP4S8,+380 67 470-19-79,місто Чернігів,Менеджер,Розробка,28.04.2022,24930
Владислав,Гайдай,andriiirvanets@ukr.net,Qwry0ARVbw,+380 95 851-19-05,село Славутич,Розробник,IT,24.09.2023,49582
Амвросій,Хомик,zkanivets@yahoo.com,E5p5FHcCMp,+380 96 416-98-68,місто Брянка,HR,Маркетинг,19.07.2023,36970
Ярема,Салій,olena32@yahoo.com,TRinHWzQXd,+380 96 812-17-99,село Соледар,Тестувальник,Маркетинг,15.01.2021,36194
Пріска,Карпенко,bevzroman@outlook.com,Zor9CmPma9,+380 98 254-77-25,селище Дрогобич,HR,Фінанси,23.02.2021,31619
Данна,Заєць,bakumenkooryna@outlook.com,NQRTXQyrxN,+380 97 844-61-70,хутір Виноградів,Тестувальник,Розробка,17.07.2022,17285
Ірена,Абраменко,ishchakmariia@mail.ua,bXSJi77Tvv,+380 66 177-47-80,село Вугледар,Аналітик,Маркетинг,24.10.2020,20463
Антон,Лесик,solomiiahabelko@i.ua,pq4QDfJkf5,+380 50 941-82-28,село Заставна,HR,Маркетинг,31.08.2023,39508
Прохір,Бандурка,stepanlubenets@yahoo.com,AwJHbPpJEw,+380 66 237-36-72,село Рогатин,Менеджер,Фінанси,16.05.2023,24013
Антон,Базилевич,prymachenkolevko@yahoo.com,9pe7egi9Iu,+380 93 595-56-50,хутір Копичинці,Менеджер,Маркетинг,14.04.2024,29936
Симон,Цибуленко,allakhorishko@mail.ua,YjYeX1tRVp,+380 66 897-45-79,хутір Багачеве,HR,Маркетинг,24.04.2021,32457
Пріска,Тихий,korpaniukirena@gmail.com,K85FHsrSFZ,+380 66 268-22-16,село Самар,Аналітик,HR,15.05.2020,29969
Ярема,Ковпак,kyrylenkohlib@yahoo.com,2Oh1cXIaAn,+380 93 341-72-50,хутір Снятин,Аналітик,Маркетинг,10.09.2023,19486
Гаврило,Башполченко,levkobaida@ukr.net,jZibWIm1hJ,+380 98 315-63-38,хутір Богуслав,Дизайнер,Маркетинг,20.07.2023,24171
Роман,Макаренко,shevchenkoheorhii@mail.ua,ufR9bQXqe0,+380 93 285-45-05,селище Ржищів,Тестувальник,Маркетинг,12.08.2024,48475
Варфоломій,Лагода,pylyp69@outlook.com,3ZbsDXWAzY,+380 93 609-69-59,місто Берегове,Тестувальник,Маркетинг,06.10.2024,33716
Богуслава,Юхименко,oksanashtokalo@outlook.com,983Ob6iiRd,+380 98 808-55-22,хутір Міусинськ,HR,Продажі,08.10.2022,17726
Феофан,Шаблій,tsiupaviktoriia@ukr.net,pR9JCXMfvx,+380 50 128-87-85,хутір Середина-Буда,Менеджер,IT,15.08.2022,44267
Віктор,Авдєєнко,oredko@mail.ua,aRfhr65YyH,+380 50 559-91-09,хутір Золотоноша,HR,Маркетинг,22.12.2021,21906
Ліза,Затула,kabanenkoborys@mail.ua,JEiaAjmaPf,+380 97 714-80-29,хутір Старокостянтинів,Менеджер,HR,24.09.2021,41007
Клавдія,Іванченко,hutsuliakokseniia@i.ua,yq93QdiAla,+380 99 774-84-65,село Коломия,Аналітик,IT,14.03.2020,21237
Панас,Василенко,ptovstukha@ukr.net,P8aQKpQSaX,+380 98 811-49-98,село Новодружеськ,Тестувальник,Фінанси,30.05.2020,24987
Захар,Забіла,avramenkoleon@yahoo.com,yA0n3yCnNA,+380 97 985-63-65,селище Очаків,HR,Розробка,05.05.2023,19815
Захар,Тимченко,okhrimenkoviktor@yahoo.com,1QB1PLCtUj,+380 73 959-14-13,село Вознесенськ,Розробник,Розробка,28.04.2020,32712
Омелян,Лагода,adamchukonysym@ukr.net,c7kOZhqsvl,+380 73 793-80-26,селище Кіцмань,Тестувальник,HR,18.12.2022,27416
Клавдія,Непорожній,lzaichenko@ukr.net,rraJlK4sf3,+380 73 265-25-15,хутір Чигирин,HR,Фінанси,01.08.2024,46793
Амалія,Андрієвич,sviatoslavandriienko@mail.ua,ZfjrktFXuC,+380 96 742-77-69,хутір Попасна,Тестувальник,Продажі,13.03.2020,35081
Ліза,Твердохліб,shakhraidanna@outlook.com,ajOL1xToFS,+380 67 628-58-39,хутір Гайворон,HR,Маркетинг,26.02.2020,29838
Соломія,Євтушок,asmyk@outlook.com,WSTE6d39TG,+380 66 551-50-94,селище Татарбунари,Дизайнер,IT,24.05.2020,29199
Алла,Авраменко,iukhym99@gmail.com,NeIAv858Q1,+380 95 669-58-02,місто Чистякове,Менеджер,Розробка,08.03.2020,27447
Вʼячеслав,Червоненко,oksana46@yahoo.com,Tk7rExK1xz,+380 67 808-67-06,місто Вашківці,HR,Продажі,27.07.2021,29897
Марина,Каденюк,qdarahan@outlook.com,HVEosyrZpy,+380 67 159-59-21,хутір Ходорів,Розробник,IT,21.11.2020,41274
Орися,Опанасенко,omalyk@gmail.com,Igo1HGRgaS,+380 50 846-64-14,селище Генічеськ,Дизайнер,HR,24.11.2024,36443
Артем,Башполченко,ihor43@ukr.net,L8QYeuhw3c,+380 96 295-80-54,село Зугрес,Тестувальник,HR,30.08.2023,33590
Павло,Бабій,mdemianiuk@meta.ua,3K2KqrAgeF,+380 97 887-77-09,місто Кам'янка (Черкаська область),Розробник,Фінанси,03.07.2022,44202
Юхим,Шаблій,wvysochan@i.ua,Egl5h78r7g,+380 99 454-93-76,селище Валки,HR,Маркетинг,26.10.2023,20514
Ярослава,Вернидуб,nataliiavernydub@yahoo.com,mokkdfbg8T,+380 73 250-69-01,місто Покровськ,Тестувальник,IT,21.11.2021,35381
Ірена,Вітер,csomko@ukr.net,fkA5plycEe,+380 67 152-26-28,село Рогатин,Дизайнер,Розробка,08.07.2023,17163
Сніжана,Зінкевич,rubetsarkadii@yahoo.com,VDstBdaQMZ,+380 66 449-99-74,селище Луганськ,Розробник,Фінанси,27.12.2019,39309
Ада,Артимович,tymofii22@outlook.com,iR3vPklMWY,+380 99 500-71-09,хутір Знам'янка,Дизайнер,HR,09.05.2020,17609
Богодар,Фесенко,darynaalekseienko@yahoo.com,tC1gLYTAik,+380 96 237-84-58,місто Шпола,Аналітик,IT,07.02.2023,49838
Ярема,Чалий,aaronrudko@mail.ua,HoYv78yd2U,+380 67 126-28-71,селище Южне,Тестувальник,Маркетинг,14.02.2022,38211
Аарон,Гайденко,pbhydenko@gmail.com,zAK5ufpj4P,+380 97 178-06-69,місто Ізюм,Дизайнер,Продажі,09.08.2020,26219
Лілія,Ященко,iustyna76@gmail.com,MAfuuWaxoI,+380 66 164-09-35,село Красилів,Дизайнер,IT,18.06.2023,20652
Богданна,Назаренко,ruslansvyrydenko@outlook.com,VVkDD022ln,+380 93 187-79-24,селище Сокологірськ,Менеджер,Розробка,14.06.2021,34702
Ярослава,Дрозденко,zandriievych@i.ua,4Xf6bEHLjO,+380 97 718-07-74,село Деражня,Тестувальник,Розробка,10.11.2020,23220
Анжела,Штепа,orest63@meta.ua,rxSkEvp962,+380 73 138-63-21,селище Житомир,Розробник,Розробка,22.05.2024,47607
Ліза,Яценюк,stefan48@i.ua,@5MryJ5JIm,+380 96 994-94-96,місто Вишневе,Дизайнер,Продажі,08.07.2021,45149
Охрім,Хорішко,leonid69@yahoo.com,wWtwgFflia,+380 73 463-23-46,селище Буча,Дизайнер,Фінанси,05.09.2024,38566
Микита,Бабиченко,chumachenkolevko@mail.ua,fTCqRBUyMO,+380 66 844-53-80,місто Барвінкове,Дизайнер,HR,21.08.2020,33588
Ірина,Міщенко,erika95@gmail.com,Rc5QkyEQdr,+380 99 858-76-46,селище Суми,Тестувальник,Маркетинг,29.04.2021,39102
Василина,Лаба,mykolaikolisnychenko@gmail.com,tseyVsGHgC,+380 67 375-71-70,місто Торецьк,Дизайнер,IT,31.08.2022,28537
Надія,Назаренко,pavloirvanets@ukr.net,IueWbyBxAR,+380 66 603-80-89,село Решетилівка,Розробник,Фінанси,11.05.2023,36740
Алевтин,Тимчук,olehskoryk@yahoo.com,RIObsa7aHh,+380 93 604-04-64,селище Гірське,Менеджер,Маркетинг,20.05.2020,38578
Марʼяна,Євтушенко,viktoriiabazavluchenko@i.ua,PVEqM5lhil,+380 93 809-93-44,селище Горішні Плавні,Тестувальник,Продажі,09.12.2019,36339
Богданна,Рубець,iaryna46@i.ua,IqrjVwCASZ,+380 50 137-80-36,хутір Новоселиця,HR,Продажі,10.10.2020,21933
Соломія,Балабан,panchukarsen@meta.ua,3fPh0UPBqT,+380 93 395-43-67,місто Шумськ,Менеджер,Фінанси,14.10.2021,36302
Руслан,Валенко,zdutka@yahoo.com,38$x5yChqC,+380 95 299-86-43,село Чортків,HR,Маркетинг,14.11.2024,16032
Пилип,Овсієнко,iatamaniuk@meta.ua,94VHPXkn1p,+380 73 933-45-58,місто Алупка,Дизайнер,Маркетинг,15.03.2020,22186
Емілія,Карпенко,matviienkopriska@meta.ua,^N1ZdyYXND,+380 93 487-00-97,місто Бобринець,Аналітик,Фінанси,30.12.2023,48585
Аніта,Бебешко,alytvyn@i.ua,LYlPKag38Y,+380 50 196-93-80,місто Вуглегірськ,HR,Маркетинг,22.02.2023,49612
Левко,Батіг,bohdanna87@mail.ua,9ihX3MOm53,+380 66 623-85-93,селище Корюківка,HR,IT,06.11.2020,19899
Єлисей,Щербак,varvara50@mail.ua,s8YDY0j5WB,+380 73 148-02-75,село Єнакієве,HR,Продажі,19.12.2019,32134
Мирон,Засядько,solomiia22@outlook.com,tr4Q7G4vq6,+380 67 706-30-62,село Теплодар,Дизайнер,Маркетинг,22.08.2021,40388
Тарас,Нестайко,panas16@yahoo.com,rTHs137Lk9,+380 98 339-48-13,хутір Зоринськ,HR,Розробка,24.03.2020,29764
Амалія,Асаула,orysiapiddubnyi@yahoo.com,mvZ0eGK1Ec,+380 50 811-93-91,село Ланівці,Тестувальник,HR,16.10.2021,40388
Лариса,Влох,ada64@outlook.com,r2e0vRK8MQ,+380 93 478-76-12,хутір Кіцмань,Тестувальник,Фінанси,16.05.2022,40061
Соломія,Гайденко,artemenkovalentyna@yahoo.com,F5CpGf8G7w,+380 67 783-69-56,хутір Надвірна,Дизайнер,HR,19.10.2021,38031
Галина,Карась,pylypenkooleh@mail.ua,G0pB1RwyCT,+380 95 594-01-73,місто Житомир,Розробник,HR,11.06.2024,34322
Леопольд,Корпанюк,ghodunok@meta.ua,cRYAoL1HCD,+380 73 589-29-20,село Арциз,HR,HR,20.11.2023,41427
Панас,Щириця,vysochanliudmyla@gmail.com,saAVz5Wjc5,+380 73 961-51-33,село Глиняни,Дизайнер,IT,07.02.2024,37856
Стефан,Черненко,iustym92@outlook.com,RCYvSzWI4d,+380 67 508-84-25,селище Берестин,Аналітик,Розробка,13.10.2023,18929
Августин,Малишко,viktorandriichuk@mail.ua,2BRLT70QOK,+380 96 457-47-27,хутір Тараща,Дизайнер,Фінанси,03.01.2024,19858
Аркадій,Ільєнко,mykytamatiash@meta.ua,Bc4hp2pS%W,+380 93 939-64-56,хутір Новгород-Сіверський,HR,Фінанси,03.06.2021,44466
Варвара,Євдокименко,lsuprunenko@outlook.com,K37Y0RHJY3,+380 95 271-42-41,селище Білогірськ,Аналітик,Фінанси,07.01.2020,15696
Гордій,Яценюк,cchumak@meta.ua,fs87uoGEVR,+380 96 158-73-70,село Болехів,Аналітик,HR,16.08.2024,42231
Амалія,Корсун,vashchenko-zakharchenkovadym@outlook.com,RODANnX8S1,+380 99 525-36-37,хутір Борщів,Розробник,IT,30.07.2023,25919
Богодар,Єфименко,mykhailo41@gmail.com,50gxsL3J0b,+380 67 445-51-90,хутір Сокологірськ,Тестувальник,HR,31.12.2023,26277
Петро,Литвиненко,solomiia47@gmail.com,uztIL26oeF,+380 67 387-22-51,місто Луганськ,Аналітик,Маркетинг,17.03.2020,49800
Соломія,Ємець,dankevychalbert@i.ua,tJwJ816pwN,+380 73 595-42-77,місто Андрушівка,Менеджер,Маркетинг,21.10.2022,28223
Зорян,Данченко,khoma44@outlook.com,PMh08aUmIe,+380 95 517-47-27,хутір Кагарлик,HR,Маркетинг,02.02.2023,21027
Адам,Твердохліб,nzhuchenko@outlook.com,7hmp9waZlI,+380 67 892-40-90,хутір Валки,HR,Розробка,03.02.2023,16398
Христина,Сімашкевич,albert40@mail.ua,XTRI7YcaEW,+380 99 755-02-51,місто Золочів,Аналітик,Маркетинг,02.03.2020,36118
Єфрем,Ващенко-Захарченко,vitaliiartymovych@i.ua,6iDM9VjOOi,+380 66 581-76-56,село Шепетівка,Розробник,Продажі,15.07.2022,47970
Тимофій,Заїка,akymenkofedir@yahoo.com,a8aCVHcdlX,+380 97 775-37-58,селище Обухів,Розробник,HR,22.12.2019,42186
Мартин,Чміль,pdevdiuk@yahoo.com,3ue7kXUBBh,+380 67 878-54-10,місто Хирів,HR,Продажі,05.03.2023,35124
Сергій,Данчук,tfranchuk@outlook.com,opIOmdDUru,+380 96 944-05-90,селище Старий Самбір,Аналітик,IT,24.12.2019,23299
Левко,Верхола,gdzyndra@mail.ua,vt!vuceG1u,+380 95 326-93-73,хутір Синельникове,Тестувальник,IT,18.11.2020,42380
Лукʼян,Єфименко,demydenkovasyl@gmail.com,PcwrtJODnu,+380 97 931-04-99,село Вільнянськ,Тестувальник,Продажі,31.10.2023,24849
Орися,Забашта,maksym33@ukr.net,P8FrCl9GV8,+380 50 647-11-59,селище Звенигородка,Менеджер,IT,26.03.2024,27584
Давид,Нестеренко,edrobiazko@ukr.net,bw2jwLn0xS,+380 93 949-52-84,місто Ворожба,Менеджер,Розробка,27.02.2022,30859
Опанас,Демиденко,roksolanahohol-ianovska@yahoo.com,0RAnUSJJ4t,+380 99 462-83-60,місто Сокиряни,Аналітик,IT,12.02.2023,31162
Яків,Мірошниченко,ihnatlahoda@meta.ua,ESDSyx8a45,+380 67 234-29-27,місто Докучаєвськ,Дизайнер,Фінанси,18.01.2021,17341
Борислав,Гузенко,iurchyshynprokhir@yahoo.com,ybF1q8mJY7,+380 73 103-30-98,селище Шостка,Дизайнер,IT,24.06.2020,17865
Ліза,Салій,ilchenkorostyslav@outlook.com,AuFSl6v71O,+380 97 456-17-52,хутір Овруч,Дизайнер,Розробка,04.02.2020,24224
Леонтій,Бандурка,epoltavets@yahoo.com,DFPvs599&E,+380 50 416-09-48,село Кропивницький,Тестувальник,IT,20.12.2019,41935
Богуслава,Кибкало,marianaiashchuk@gmail.com,k80mrTT9X5,+380 99 606-10-00,селище Жмеринка,Дизайнер,Маркетинг,06.05.2021,49265
Онисим,Єрченко,onishchukievhen@yahoo.com,8OHZ6X7ss6,+380 66 148-53-36,місто Борзна,Дизайнер,Маркетинг,16.03.2021,40434
Миколай,Чарниш,gandriiovych@outlook.com,qwudUYdYPc,+380 96 581-76-20,селище Устилуг,Тестувальник,IT,13.10.2024,48679
Лесь,Адаменко,carkhypenko@i.ua,5AHquYCxgN,+380 50 945-24-13,село Ворожба,Розробник,Фінанси,29.05.2022,29711
Орхип,Яценко,zynovii75@outlook.com,zogSMGrarD,+380 66 397-90-15,хутір Перечин,HR,Розробка,22.01.2021,28288
Оксана,Оробець,iirvanets@i.ua,0KAzBaTf8y,+380 99 941-79-92,село Обухів,Менеджер,Маркетинг,27.01.2024,39116
Сніжана,Шморгун,gbabiak@outlook.com,d4LLRCuhsZ,+380 96 448-59-25,хутір Носівка,Дизайнер,IT,22.02.2024,45239
Ростислав,Мазепа,smykspas@i.ua,6A2wpnxkfW,+380 66 555-84-43,селище Канів,Менеджер,Маркетинг,06.12.2023,34127
Геннадій,Чайка,iaremabebeshko@yahoo.com,xCN2sdDEUL,+380 99 197-65-56,село Тернопіль,Розробник,Маркетинг,22.07.2020,15884
Олекса,Носенко,fedir72@meta.ua,O5iiUjnFA3,+380 73 201-71-73,хутір Василівка,Тестувальник,Розробка,08.03.2024,16548
Назар,Ґереґа,mdemianchuk@meta.ua,anZitvULYt,+380 98 945-82-04,селище Залізне,HR,Продажі,01.01.2020,16564
Феофан,Литвин,mykhailiukleopold@i.ua,fnA26f*m8o,+380 95 886-21-99,село Шаргород,Тестувальник,IT,09.04.2024,31249
Ілля,Яременко,okseniia47@mail.ua,yJ7jl8#c2J,+380 95 922-17-29,місто Мена,Менеджер,Маркетинг,07.11.2023,31842
Франц,Гайденко,hennadii59@yahoo.com,pd39QQrxse,+380 73 868-37-71,село Світловодськ,Дизайнер,Продажі,03.04.2022,24837
Марко,Скиба,hhabelko@yahoo.com,nL2cZmEcf3,+380 98 454-24-65,хутір Нова Одеса,Дизайнер,Фінанси,29.12.2022,23295
Феофан,Василевич,bevzielysaveta@mail.ua,!SqhN5Ec92,+380 96 326-16-08,хутір Алчевськ,Розробник,IT,21.03.2024,16569
Прохір,Гоголь,iukhym21@yahoo.com,3zChhh66L2,+380 66 704-15-41,місто Керч,Тестувальник,Фінанси,08.01.2021,17641
Василина,Яремко,makarenkosnizhana@ukr.net,KlGjZYvOnS,+380 95 168-79-77,село Долинська,HR,Маркетинг,29.05.2022,28113
Гліб,Гук,rostyslav07@mail.ua,lDxVdRTtte,+380 98 560-49-16,селище Сімферополь,Менеджер,Розробка,11.11.2024,47088
Ярослав,Шухевич,knazarenko@yahoo.com,xCOguOubIJ,+380 73 343-79-11,селище Путивль,Менеджер,Розробка,09.03.2023,17020
Амвросій,Кащенко,skalchenko@yahoo.com,trorfr3w4f,+380 93 209-08-17,селище Вилкове,HR,Продажі,16.04.2020,37816
Еріка,Лубенець,nvernydub@ukr.net,rIVVPKboQA,+380 67 150-85-69,хутір Хутір-Михайлівський,HR,IT,29.06.2022,32004
Климент,Власюк,avreliizaiets@ukr.net,ZCSCKdbv9y,+380 66 943-37-91,селище Зеленодольськ,Дизайнер,HR,29.05.2023,16867
Трохим,Атаманюк,viktoriiaaleksiuk@yahoo.com,uPPY8lOLph,+380 50 820-47-49,село Калинівка,Аналітик,Маркетинг,19.05.2020,22979
Варфоломій,Дергач,larysaisaienko@outlook.com,7GMS4q7hbt,+380 67 997-69-29,селище Красногорівка,Менеджер,Розробка,11.04.2022,20811
Федір,Даньків,pylyp29@i.ua,t5vEyQra4L,+380 96 807-10-60,селище Кипуче,Аналітик,IT,28.05.2022,49163
Ілля,Дубенко,leopoldvyshniak@meta.ua,(R1Kx6nrHW,+380 97 108-35-91,село Українськ,HR,Продажі,11.10.2024,36303
Демид,Іващенко,pisaienko@i.ua,WXBy)zhS8s,+380 66 569-76-43,хутір Слов'янськ,Аналітик,Фінанси,15.02.2024,35263
Соломія,Авдєєнко,ggerega@mail.ua,qqoOSZ46VA,+380 50 930-03-87,хутір Лисичанськ,HR,Розробка,04.02.2022,40212
Данна,Дрозденко,oliinykmartyn@meta.ua,29xntdqzpO,+380 93 399-65-18,селище Ланівці,Менеджер,IT,21.04.2024,25144
Алевтин,Дубас,bohdannalyvaiko@yahoo.com,BOj0aGEtDB,+380 95 784-64-06,місто Ржищів,Менеджер,Маркетинг,05.05.2020,17613
Єлисавета,Семенченко,okseniia96@mail.ua,bTxn60y6xW,+380 67 708-93-54,місто Галич,HR,Розробка,05.05.2023,34736
Маруся,Байдак,zshakhrai@yahoo.com,WxHcwAQ8ZU,+380 99 385-92-22,місто Березань,Тестувальник,Продажі,19.11.2024,16969
Віолетта,Заєць,rozaliiapavlyk@meta.ua,mz17KdK2Oc,+380 67 776-22-53,селище Бахмут,Менеджер,Фінанси,27.07.2022,18975
Емілія,Деревʼянко,emiliiacharnysh@yahoo.com,6cFA31YOQT,+380 50 717-18-85,селище Бердичів,HR,HR,29.10.2021,46083
Єфрем,Верховинець,ybarabash@yahoo.com,TV6Xkyzvnw,+380 96 663-61-12,місто Гадяч,Дизайнер,IT,09.02.2024,35000
Ярема,Жученко,myroslav30@i.ua,dqckv6n@cE,+380 96 697-28-61,місто Коростень,Аналітик,Фінанси,25.04.2024,23979
Анжела,Фурс,uzakusylo@mail.ua,adXlgbjY4J,+380 93 924-75-28,місто Балта,HR,Фінанси,22.09.2023,44290
Дарина,Засядько,vprykhodko@outlook.com,QbzqJnyM2K,+380 50 950-55-32,хутір Прип'ять,Менеджер,Фінанси,15.01.2023,24424
Дарина,Забара,hdashenko@outlook.com,me939j8QCV,+380 97 184-74-86,місто Трускавець,Менеджер,HR,02.01.2023,32478
Алла,Петрик,tzinchenko@yahoo.com,ja8UNXf4lW,+380 95 132-19-99,хутір Коростень,Аналітик,Фінанси,06.03.2022,43627
Тимофій,Даньків,valentynaorlyk@outlook.com,BKxsi3FqAo,+380 66 336-34-74,село Саки,Тестувальник,Продажі,28.03.2024,30080
Симон,Рудик,alina52@outlook.com,tOmd4QeT3Q,+380 96 641-43-60,село Вовчанськ,Аналітик,HR,06.07.2024,18857
Андрій,Рубан,ielyseizabila@mail.ua,f1ycKzIvsX,+380 97 986-26-93,хутір Суми,Аналітик,Продажі,10.07.2022,28535
Максим,Бандера,chalenkolevko@meta.ua,1aXDLezhhm,+380 50 926-74-70,селище Синельникове,HR,IT,10.05.2023,32240
Анастасія,Дашкевич,atamaniukklavdiia@outlook.com,nKEpK9yn2C,+380 73 863-29-23,хутір Немирів,Менеджер,Маркетинг,22.11.2024,27974
Святослав,Павличенко,kprykhodko@meta.ua,tn4LDEyweR,+380 66 509-15-99,хутір Ладижин,Дизайнер,IT,28.09.2022,30163
Гордій,Ісаєвич,panteleimonmazepa@gmail.com,4YGORhxVBa,+380 50 747-73-13,хутір Благовіщенське,Аналітик,Продажі,28.12.2022,16349
Левко,Полтавець,danylokovalenko@outlook.com,F0wQKwwr(6,+380 98 321-32-05,місто Миронівка,Розробник,HR,17.01.2020,43562
Адам,Хоменко,barabashsvitlana@mail.ua,GW4FXbyu3H,+380 50 925-76-71,місто Самар,Менеджер,Розробка,05.08.2020,30725
Геннадій,Джус,alevtyn36@i.ua,Dj2Dh2gh6b,+380 73 740-68-90,село Березівка,Менеджер,Фінанси,18.12.2019,39495
Артем,Єрмоленко,albinaivanychuk@outlook.com,B1hBzkHWQw,+380 98 674-46-51,село Болехів,Тестувальник,HR,31.12.2021,35922
Богуслава,Каденюк,danna77@i.ua,VCL07WW0Us,+380 67 435-48-18,селище Іловайськ,Аналітик,Маркетинг,06.08.2021,21583
Єфрем,Лисенко,gdashenko@mail.ua,fwxCxmhX5x,+380 66 773-47-56,хутір Погребище,Розробник,Продажі,02.10.2021,44226
Богдан,Бабиченко,ielysei19@yahoo.com,6maEQePV65,+380 96 736-42-18,хутір Кремінна,HR,HR,18.08.2024,40388
Леонід,Бандура,svasylashko@yahoo.com,9PybD!t4k!,+380 99 980-07-00,хутір Міусинськ,Дизайнер,Продажі,01.08.2020,45931
Омелян,Терещенко,opanasduplii@yahoo.com,ITsej1WDJb,+380 67 485-55-20,селище Тячів,Менеджер,IT,23.04.2022,37115
Олег,Чумаченко,avhustyn39@yahoo.com,iOEArLcahB,+380 98 912-49-09,хутір Моршин,Дизайнер,Продажі,23.04.2020,41429
Ада,Дрозденко,zabaratetiana@gmail.com,mfzGDTOn61,+380 97 427-95-08,селище Могилів-Подільський,Тестувальник,Маркетинг,26.03.2023,47005
Тарас,Жук,kyrylo40@outlook.com,!HVlAnmKOg,+380 73 343-51-58,село Павлоград,Менеджер,Фінанси,19.08.2022,18123
Лукʼян,Тичина,sviatoslav38@meta.ua,aUbd0AhoU1,+380 93 853-14-65,хутір Ходорів,Аналітик,Продажі,05.12.2021,18120
Тарас,Баштан,romanetsomelian@yahoo.com,3oUbpJCEK6,+380 95 453-50-10,село Щолкіне,Тестувальник,Продажі,06.12.2020,37238
Ростислав,Єфименко,fhavriushenko@i.ua,Nxqnv*H1Xl,+380 95 742-36-66,хутір Глухів,Менеджер,Продажі,18.02.2022,25736
Нестор,Артеменко,lzatovkaniuk@i.ua,U1qm78sYEd,+380 66 597-81-30,селище Бердянськ,Розробник,Розробка,07.02.2021,47657
Зиновій,Ващенко-Захарченко,vadymchalenko@meta.ua,3kpECkElsm,+380 50 446-84-51,місто Лебедин,Дизайнер,Продажі,17.08.2021,35655
Михайло,Василенко,satsiukbohodar@ukr.net,5Ed&l01D61,+380 66 713-11-96,місто Українка,Дизайнер,Розробка,17.10.2021,23596
Ірина,Дубина,lukianchernenko@yahoo.com,GXYyqg7YGl,+380 67 510-63-56,селище Ладижин,Менеджер,IT,31.12.2023,16053
Демид,Павлик,vovkielysaveta@outlook.com,GVyR7scAJM,+380 99 790-60-71,місто Гуляйполе,Аналітик,IT,06.11.2023,31699
Оксана,Пустовіт,fshchyrytsia@mail.ua,TXv%ACAMru,+380 95 386-01-79,село Святогірськ,Менеджер,HR,01.01.2024,32241
Богданна,Авраменко,varvara79@i.ua,2PTbPewHHz,+380 50 360-68-55,селище Коростишів,Дизайнер,Фінанси,07.02.2023,44559
Ростислав,Петрик,demyd81@outlook.com,rfUqZn1VAf,+380 73 196-07-22,село Звенигородка,Менеджер,IT,05.11.2023,39849
Ярема,Слюсар,gverkhovynets@gmail.com,yQdDTFlfr1,+380 73 170-14-09,село Глухів,Аналітик,HR,07.07.2021,26720
Едита,Іващенко,panteleimon58@mail.ua,hJIbnyE2mk,+380 97 764-23-85,хутір Любомль,Менеджер,Фінанси,03.01.2020,20874
Онисим,Василевич,oleksa74@mail.ua,VyTZ52Wirj,+380 73 961-67-06,селище Мерефа,Розробник,Фінанси,30.05.2022,23669
Варвара,Дурдинець,kyryloirvanets@yahoo.com,VSn7qnl163,+380 93 500-65-90,місто Великі Мости,Аналітик,HR,15.01.2020,42177
Мартин,Данильчук,myroslavievdokymenko@yahoo.com,uL@P0WW7zO,+380 95 960-77-33,хутір Генічеськ,HR,Продажі,27.08.2024,26283
Лесь,Стець,amaliiaatamanchuk@outlook.com,8KdFiCFFFU,+380 95 571-09-39,місто Жданівка,Тестувальник,HR,16.01.2020,32022
Олег,Килимник,bohdanna83@mail.ua,14qWb!yENf,+380 50 864-67-61,село Балаклія,Тестувальник,IT,22.09.2023,48681
Ада,Байда,ghutsuliak@yahoo.com,@wPDQs3H8m,+380 96 791-85-81,місто Тернопіль,Аналітик,IT,07.12.2023,19265
Назар,Євдокименко,leonshtokalo@yahoo.com,wSD2CYMgf4,+380 93 748-76-39,місто Овруч,Тестувальник,Розробка,19.05.2023,16846
Тереза,Супруненко,stefan82@ukr.net,7SD7tkdvCW,+380 98 113-54-94,хутір Ічня,Розробник,Фінанси,01.03.2021,39781
Лариса,Талан,semenhavrysh@yahoo.com,woH2yMHbTo,+380 93 110-66-31,хутір Павлоград,HR,Маркетинг,13.06.2024,36211
Наталія,Башполченко,volodymyr58@gmail.com,JbWcPgrewT,+380 50 776-41-68,селище Нова Одеса,Тестувальник,HR,10.04.2021,29403
Тереза,Ребрик,iustynatsushko@mail.ua,OzJy3gmcPJ,+380 66 510-08-02,хутір Кремінна,Аналітик,Маркетинг,08.03.2021,30830
Марта,Дацюк,alla46@ukr.net,fGtPvRsWfP,+380 99 802-28-93,селище Соснівка,HR,Фінанси,24.07.2023,36036
Стефан,Власюк,varvara51@meta.ua,lk9iEwXGoC,+380 66 545-99-50,селище Феодосія,Тестувальник,Розробка,27.02.2022,38870
Клавдія,Іваненко,frankoieva@outlook.com,t6OHwHMczF,+380 66 971-25-69,місто Вільнянськ,Аналітик,HR,25.08.2023,49282
Хома,Стець,hanna92@yahoo.com,ttSfC2WTfb,+380 67 808-05-17,селище Малин,Розробник,Продажі,12.11.2023,35864
Аркадій,Вертипорох,geregavalentyn@yahoo.com,GZkiyAefcy,+380 97 610-43-81,село Фастів,Розробник,HR,19.09.2023,31483
Гаврило,Саченко,yaleksandrenko@yahoo.com,ihYtNBps3F,+380 73 669-57-07,місто Багачеве,Розробник,Маркетинг,25.02.2023,36085
Едуард,Філіпенко,vitalii96@i.ua,nPApz5nW2Q,+380 98 980-83-27,хутір Тлумач,Тестувальник,Розробка,30.09.2024,45992
Віра,Дергач,nesterenkozynovii@meta.ua,ccqok81bZb,+380 67 451-63-05,селище Дунаївці,Менеджер,Фінанси,03.05.2022,42433
Аарон,Симоненко,tymofii57@gmail.com,He86xgAP0k,+380 97 652-58-38,місто Вашківці,Розробник,Продажі,17.11.2024,34642
Віктор,Ейбоженко,aronetsiefrem@gmail.com,GZZhhliUKT,+380 67 253-22-60,хутір Богуслав,Аналітик,Продажі,14.07.2021,17627
Тимофій,Уманець,zorianzakharenko@gmail.com,U4LC61wuWw,+380 93 829-60-51,хутір Почаїв,Менеджер,Маркетинг,23.10.2022,30677
Леонтій,Микитюк,wdanylchuk@meta.ua,2aRuarVszr,+380 99 716-94-74,місто Монастирище,Тестувальник,Розробка,21.10.2020,30084
Олекса,Дутка,bashpolchenkokamilla@ukr.net,Jvt3VKHJBW,+380 93 889-33-18,село Чуднів,HR,Фінанси,10.07.2022,22352
Володимира,Батюк,haievskafeofan@mail.ua,k7XTf4oHz0,+380 95 946-94-70,місто Чернігів,Розробник,IT,21.07.2022,26003
Устим,Фурс,vysochanmarko@meta.ua,7TxYyXzoPV,+380 99 735-71-47,місто Городня,Аналітик,Фінанси,27.11.2022,32646
Богданна,Вергун,valentyna17@meta.ua,wGwh74Sh0s,+380 96 211-46-67,село Гірське,Аналітик,IT,25.05.2022,41887
Варфоломій,Ґоляш,zynoviilutsenko@outlook.com,zXJSSBPznv,+380 97 507-46-40,місто Кадіївка,Дизайнер,Фінанси,15.05.2022,18535
Захар,Шеремет,jprotsenko@ukr.net,xFioga8xNn,+380 96 642-90-41,місто Сновськ,Менеджер,Фінанси,25.10.2022,47775
Лесь,Гоголь,demianenkoorysia@i.ua,FtJDkRcnil,+380 97 602-68-38,селище Соледар,Дизайнер,Продажі,16.02.2020,32396
Петро,Романенко,oleksandrdrozdenko@yahoo.com,CWRdMAuzV9,+380 93 205-65-19,село Боково-Хрустальне,Розробник,HR,23.12.2022,17228
Пилип,Кармалюк,ederkach@gmail.com,1D3CLLVr0y,+380 99 836-94-00,селище Бердичів,Тестувальник,IT,13.01.2024,47775
Альберт,Іщенко,zhadanroksolana@mail.ua,8kOAaBTi3v,+380 93 732-42-57,хутір Дубляни,Розробник,Розробка,02.12.2019,36490
Альберт,Абраменко,idavydenko@i.ua,QG0yuM6Cup,+380 98 677-98-59,хутір Сватове,Менеджер,Маркетинг,28.11.2019,40178
Ярина,Рябець,bohuslavapavlychenko@ukr.net,Y&OQ&7WbjK,+380 66 882-65-37,хутір Мелітополь,Аналітик,Розробка,11.06.2023,46455
Алла,Шморгун,nbashtan@outlook.com,gQDE7frlUi,+380 96 531-09-81,хутір Запоріжжя,Тестувальник,Маркетинг,07.05.2023,40709
Богуслав,Стус,otokar@outlook.com,wkptyPIYO6,+380 99 308-10-51,місто Камінь-Каширський,Аналітик,Продажі,19.04.2021,44043
Вадим,Жарко,azar02@outlook.com,ooOJ#6jZn8,+380 98 472-98-17,село Валки,Менеджер,IT,26.04.2023,45949
Демʼян,Затовканюк,solomon39@yahoo.com,eNOzAudZsv,+380 67 844-91-65,хутір Ялта,Розробник,Фінанси,21.01.2020,45661
Дарина,Їжакевич,darahantetiana@outlook.com,uM53XoZZ@O,+380 99 494-77-62,хутір Василівка,Менеджер,Фінанси,01.05.2021,16457
Христина,Фоменко,svystuniaryna@i.ua,C8yxfazOTn,+380 98 216-84-31,село Дебальцеве,Розробник,Фінанси,14.04.2023,24990
Сніжана,Бабиченко,nirvanets@mail.ua,DJ8NMAUniH,+380 98 212-93-02,селище Кролевець,Розробник,Розробка,25.04.2024,24972
Петро,Супруненко,hennadii87@ukr.net,FEvvRJpe1J,+380 96 553-17-12,хутір Христинівка,Тестувальник,Фінанси,17.06.2023,18423
Едуард,Вітрук,piatachenkoveniiamyn@meta.ua,bBSKmcd0Oh,+380 73 559-89-96,село Мелітополь,Дизайнер,IT,01.10.2021,19197
Ольга,Щербань,anita02@i.ua,RyuWfxUUJp,+380 66 924-90-77,селище Надвірна,Тестувальник,IT,26.10.2020,36088
Ліза,Приймак,alla15@i.ua,v9jAw4vd6Y,+380 95 891-44-85,місто Золочів,HR,HR,02.03.2024,32779
Пармен,Токар,hlib27@meta.ua,JbIKR#Tm3C,+380 67 621-44-10,хутір Ірпінь,HR,Маркетинг,09.08.2021,31193
Артем,Рак,ddrobiazko@outlook.com,8ufIObOVb4,+380 67 494-24-82,хутір Камінь-Каширський,Тестувальник,HR,09.02.2023,45715
Анастасія,Дашкевич,konoplenkosnizhana@yahoo.com,ZeeZhu8c4D,+380 98 772-86-50,село Сорокине,HR,Фінанси,09.12.2023,41614
Степан,Туркало,slavrenko@ukr.net,fxohWaPAzj,+380 98 293-15-72,місто Самар,Аналітик,HR,18.08.2022,27597
Тереза,Асаула,stefankorolenko@ukr.net,WAAadEOhYp,+380 99 925-12-20,хутір Богодухів,Розробник,IT,06.07.2021,42257
Володимир,Дубенко,odarka19@meta.ua,ZZtMvIuhlY,+380 50 732-62-29,хутір Дунаївці,Дизайнер,Фінанси,03.01.2023,18998
Ростислав,Шамрай,iustym95@ukr.net,vT6dvbanpJ,+380 99 425-43-24,місто Бердичів,Менеджер,Розробка,14.06.2024,31894
Петро,Супруненко,eshmorhun@i.ua,mFWruIELfz,+380 93 167-34-29,селище Луцьк,Менеджер,IT,27.12.2022,32706
Валентина,Яременко,bazavluchenkomykhailo@outlook.com,GACIH9r0Ir,+380 97 889-92-65,селище Стебник,Аналітик,Продажі,21.06.2021,36788
Дмитро,Харченко,dan08@i.ua,rX17HViEJU,+380 98 300-66-89,місто Ніжин,Аналітик,HR,03.10.2021,46887
Святослава,Охріменко,zabilanadiia@ukr.net,CS61TsQ1vg,+380 66 653-60-36,село Обухів,Аналітик,HR,12.12.2019,18861
Адам,Гайдамака,makar67@outlook.com,XM4S7EKWyc,+380 66 255-56-47,селище Краматорськ,Менеджер,HR,23.11.2023,33918
Макар,Щорс,kybkalokostiantyn@i.ua,yiMpPdKUZ8,+380 50 781-46-65,село Боярка,Аналітик,IT,27.03.2022,39312
Зорян,Романчук,alla45@meta.ua,W8CmGPMqqR,+380 66 936-31-48,селище Петрово-Красносілля,Тестувальник,IT,23.09.2024,39483
Мартин,Ільченко,amaliia76@ukr.net,xQIt9dofM*,+380 73 477-55-91,місто Світловодськ,Тестувальник,Фінанси,14.10.2024,15261
Орина,Джус,jandriishyn@meta.ua,joLtYBbh4P,+380 97 612-04-92,село Верхньодніпровськ,Розробник,Фінанси,20.04.2020,26887
Юстим,Ґерета,okseniia65@yahoo.com,VPuAa2Bygr,+380 67 751-00-50,місто Березне,Тестувальник,Розробка,14.06.2021,38109
Валентина,Ващенко-Захарченко,lartym@meta.ua,vR5847VK7t,+380 93 835-50-87,село Васильків,Розробник,Маркетинг,03.02.2023,38322
Василь,Бабич,randreiko@yahoo.com,T06h(P4mPI,+380 73 688-16-94,місто Решетилівка,Дизайнер,HR,20.11.2020,35407
Орися,Тичина,tymofiikorzh@mail.ua,BfoEigvHDg,+380 99 532-78-78,місто Київ,Розробник,Продажі,14.02.2021,47666
Данило,Бабич,boryslav06@yahoo.com,GTVGkl76sC,+380 66 569-65-75,хутір Іллінці,Тестувальник,Фінанси,12.07.2024,21215
Роксолана,Байрак,fkaras@ukr.net,mdLOI3VQjB,+380 66 112-36-01,хутір Новодружеськ,Аналітик,Розробка,15.03.2023,39346
Златослава,Лазаренко,volodymyrademianchuk@outlook.com,WNdFyG60Xc,+380 73 123-63-84,хутір Дубляни,Тестувальник,Маркетинг,17.12.2020,40291
Любов,Литвиненко,olha55@meta.ua,R03Y4IIP5L,+380 50 982-67-09,село Ладижин,Розробник,Фінанси,18.04.2024,42595
Галина,Рубан,cbazylevych@yahoo.com,5ClP0dIlxG,+380 93 512-08-08,село Камінь-Каширський,Аналітик,IT,16.10.2022,19093
Панас,Давимука,ahohol@ukr.net,tGLqqIhtzK,+380 99 291-28-68,селище Ірпінь,Дизайнер,Продажі,21.12.2019,40097
Едита,Даценко,anzheladubyna@mail.ua,asH67AIzJr,+380 50 191-48-77,село Карлівка,HR,Розробка,22.10.2023,38527
Владислав,Михалюк,edytashtepa@i.ua,bGN0wtLnIa,+380 50 364-81-01,місто Борзна,Тестувальник,Фінанси,18.10.2022,16063
Юстим,Ребрик,zlatoslavazhuk@gmail.com,OLIRN1snqe,+380 98 397-79-04,хутір Отаманівка,Тестувальник,Розробка,18.03.2021,27768
Ярослав,Макогон,mkhorishko@meta.ua,ktmfFVZ0w9,+380 98 442-38-00,місто Яготин,Розробник,Маркетинг,27.02.2020,47975
Хома,Мазепа,bohuslav98@meta.ua,2SLN162yN6,+380 66 715-50-46,хутір Кремінна,HR,Розробка,10.11.2024,40859
Аніта,Даценко,marusia78@gmail.com,37n8YQLseG,+380 66 887-04-33,село Бердичів,HR,Розробка,28.09.2022,29371
Аніта,Артеменко,iosyp17@yahoo.com,TZNGvWOexj,+380 96 337-71-15,хутір Привілля,Дизайнер,Продажі,15.12.2022,38840
Азар,Даценко,nataliiaiatsenko@ukr.net,S2BFH60WOr,+380 93 828-83-26,село Горішні Плавні,HR,Маркетинг,29.08.2020,40196
Юхим,Яценюк,odarkasachenko@meta.ua,CHZ1gZdxft,+380 67 926-30-23,селище Долина,HR,IT,24.12.2021,43140
Орина,Микитюк,vlokhhryhorii@ukr.net,Y2IMlRcR36,+380 97 857-61-14,село Умань,Аналітик,HR,26.06.2024,49794
Богдан,Аверченко,hlibbaidak@mail.ua,vz02FXb4HO,+380 98 384-65-04,село Старокостянтинів,Менеджер,Маркетинг,04.02.2020,31061
Аркадій,Ващенко-Захарченко,yalekseienko@yahoo.com,9eByiTw6bN,+380 96 866-15-70,селище Буча,Тестувальник,Маркетинг,04.06.2021,27309
Єва,Вакарчук,choloborodko@ukr.net,d%GQUI0Mbx,+380 99 476-78-43,хутір Чистякове,Дизайнер,HR,19.08.2022,42596
Богуслава,Чуйко,karmaliukiosyp@gmail.com,OinLvtnjoK,+380 98 153-40-22,село Тернопіль,Тестувальник,Фінанси,03.01.2021,39240
Богодар,Орлик,khrystyna51@meta.ua,fqpBc03WG5,+380 99 229-33-76,село Луганськ,Менеджер,HR,14.06.2021,20873
Святослав,Ґерета,rozaliiakhrystenko@meta.ua,7NioCm4qRK,+380 95 546-22-62,хутір Богуслав,Тестувальник,Маркетинг,11.08.2021,20437
Опанас,Бабич,liliiarubets@i.ua,CeozWhM55z,+380 98 742-16-04,місто Дунаївці,Розробник,Маркетинг,18.06.2021,29450
Марія,Усик,omeliandzhun@ukr.net,Q2NPfa2HkJ,+380 73 698-07-07,село Київ,Розробник,IT,21.06.2023,48633
Богуслава,Тимчук,iashchukvladyslav@ukr.net,CZX0plbq9U,+380 98 542-15-15,село Козятин,Тестувальник,HR,19.10.2023,28784
Олег,Михайлюк,viaremko@outlook.com,a9VcA9qsm2,+380 73 720-32-71,село Новий Буг,HR,Продажі,05.09.2020,33627
Златослава,Вдовиченко,okhrimzabila@gmail.com,zH0RTHCZm1,+380 66 289-08-54,хутір Хоростків,Аналітик,HR,02.08.2024,38293
